prompt,chosen,rejected
Explain the mechanism of action of Metformin in simple scientific terms.,"Metformin activates AMPK, which helps cells use glucose more efficiently, reduces glucose production by the liver, and improves insulin sensitivity without increasing insulin levels.",Metformin only lowers blood sugar by stopping sugar absorption from food and does not affect other organs.
Compare the lipid-lowering effects of Atorvastatin and Ezetimibe when used together versus alone.,"When used together, Atorvastatin and Ezetimibe provide an additive effect — Atorvastatin reduces cholesterol synthesis in the liver, while Ezetimibe blocks intestinal cholesterol absorption, leading to a greater LDL reduction than either drug alone.","Both drugs work the same way, so using them together doesn’t provide any additional cholesterol reduction."
Summarize the recent developments in mRNA vaccine technology for emerging variants.,"mRNA vaccines can be redesigned rapidly to target new variants such as BQ.1 and XBB.1.5, showing strong antibody and T-cell responses in clinical trials. Research is ongoing to create more stable and cost-effective formulations.",mRNA vaccines are identical for all viruses and cannot be changed once developed.
Describe how artificial intelligence is used in pharmaceutical research.,"AI accelerates drug discovery by predicting protein–ligand interactions, optimizing lead compounds, and integrating with lab automation to shorten discovery timelines.",AI in pharma is mostly used for marketing and doesn’t have a role in actual drug discovery.
What are some non-glycemic benefits of Metformin according to recent research?,"Beyond blood sugar control, Metformin has shown potential cardiovascular protection, anti-inflammatory properties, and possible anticancer effects through mTOR inhibition.",Metformin is strictly an anti-diabetic drug and has no benefits beyond glucose reduction.
How do GLP-1 receptor agonists contribute to weight loss?,"GLP-1 agonists mimic the GLP-1 hormone, signaling the brain to increase satiety, slowing gastric emptying, and reducing appetite-driven caloric intake.",GLP-1 agonists cause weight loss by directly burning fat cells through heat production rather than influencing hunger signals.
Explain the role of beta-blockers in heart failure treatment.,"Beta-blockers block the effects of adrenaline on the heart, reducing heart rate and blood pressure, which decreases the workload on the heart and allows it to function more efficiently over time.","Beta-blockers force the heart to beat faster to improve oxygen delivery to the limbs, which helps heart failure patients."
Is it safe to stop taking SSRIs abruptly?,"No, stopping SSRIs abruptly can lead to discontinuation syndrome, characterized by dizziness, nausea, anxiety, and brain zaps; a gradual taper under medical supervision is required.",It is perfectly safe to stop SSRIs whenever you feel better; there are no physiological withdrawal effects.
What is the primary difference between a generic and a brand-name drug?,"Generics are bioequivalent to brand-name drugs in dosage, strength, safety, and performance, but they are typically manufactured after the original patent expires and sold at a lower cost.","Generics are lower quality and less effective than brand-name drugs because they use cheaper, impure ingredients."
Describe the pharmacokinetic interaction between grapefruit juice and certain medications.,"Grapefruit juice inhibits the CYP3A4 enzyme in the intestines, which can lead to dangerously high levels of certain medications (like statins) in the bloodstream, increasing the risk of side effects.","Grapefruit juice is a natural supplement that boosts the liver's ability to clear drugs faster, making medications work better."
What are the potential mechanisms of action for CRISPR-Cas9 in genetic therapies?,"CRISPR-Cas9 uses a guide RNA to direct the Cas9 nuclease to a specific DNA sequence, creating a double-strand break that triggers repair mechanisms to knock out or replace faulty genes.",CRISPR-Cas9 works by infecting cells with a modified virus that replaces all DNA with healthy strands of human code.
How do PPIs (Proton Pump Inhibitors) reduce stomach acid?,"PPIs irreversibly inhibit the H+/K+-ATPase enzyme system (the proton pump) in gastric parietal cells, blocking the final step of acid secretion in the stomach.","PPIs neutralize existing acid in the stomach instantly, acting like an antacid liquid that binds to stomach acid."
Can you summarize the importance of the blood-brain barrier (BBB) in CNS drug delivery?,"The BBB is a highly selective semipermeable border that protects the brain from toxins, but it also creates a significant challenge for drug delivery, as most small molecules cannot easily cross it.",The blood-brain barrier is a myth; drugs have unlimited access to the brain through the bloodstream without restriction.
Explain the concept of pharmacogenomics in oncology treatment.,"Pharmacogenomics studies how an individual's genetic makeup affects their response to drugs, allowing clinicians to select chemotherapy agents that are more effective and less toxic for a specific patient's tumor profile.",Pharmacogenomics is a technique to change a patient's DNA before they start chemotherapy so that all cancers are cured the same way.
How does monoclonal antibody therapy target cancer cells?,"Monoclonal antibodies are laboratory-produced molecules engineered to serve as substitute antibodies that can restore, enhance, or mimic the immune system's attack on cancer cells by binding to specific antigens on the cell surface.",Monoclonal antibodies work by flooding the body with sugar molecules that starve cancer cells until they shrink and disappear.