instruction,input,output
Explain the mechanism of action of Metformin.,,"Metformin activates AMP-activated protein kinase (AMPK), which increases glucose uptake and fatty-acid oxidation while inhibiting hepatic gluconeogenesis, thereby lowering blood glucose."
List two non-glycemic benefits of Metformin mentioned in the text.,,Improved cardiovascular outcomes; anti-inflammatory effects. (Also suggested: anticancer potential via mTOR inhibition.)
Why is combining Atorvastatin with Ezetimibe clinically beneficial?,,"Because Ezetimibe blocks intestinal cholesterol absorption (NPC1L1) and Atorvastatin inhibits hepatic HMG-CoA reductase, providing additive LDL-C reduction—useful when statin response is inadequate."
Summarize the key advantages and ongoing research directions for mRNA vaccines.,The success of mRNA vaccines against SARS-CoV-2 has opened new pathways for rapid vaccine development. mRNA platforms enable flexible design and quick adaptation to emerging viral variants such as BQ.1 and XBB.1.5. Phase-II clinical trials have shown strong immunogenicity with elevated neutralizing antibody titers and robust CD8⁺ T-cell responses. Ongoing research is exploring thermostable formulations and self-amplifying mRNA constructs to enhance global distribution and cost-efficiency.,"mRNA platforms enable rapid, flexible vaccine design and quick variant updates (e.g., BQ.1, XBB.1.5). Phase-II data show strong immunogenicity with robust neutralizing antibodies and CD8⁺ T-cell responses. Current work targets thermostable and self-amplifying formulations to improve distribution and cost."
"From the passage, extract two benefits and two challenges of AI in pharmaceutical R&D.","Artificial intelligence (AI) is transforming pharmaceutical research by accelerating target identification, molecular docking, and compound screening. Deep learning models trained on large-scale biological datasets can predict protein–ligand binding affinities and optimize lead compounds. Integrating AI-driven insights with laboratory automation is reducing discovery timelines from years to months. However, challenges remain regarding interpretability, bias mitigation, and regulatory validation for AI-generated molecules.","Benefits: (1) Faster target ID, docking, and screening; (2) Better protein–ligand affinity prediction and lead optimization. Challenges: (1) Limited interpretability and bias risks; (2) Regulatory validation of AI-generated molecules."
What is the primary clinical indication for Lisinopril?,,"Lisinopril is an ACE inhibitor primarily indicated for the treatment of hypertension, congestive heart failure, and to improve survival after an acute myocardial infarction."
Explain the mechanism of action of SSRIs.,,"Selective Serotonin Reuptake Inhibitors (SSRIs) block the reabsorption (reuptake) of serotonin into neurons, making more serotonin available to improve transmission of messages between neurons."
Identify the primary adverse effect mentioned in the clinical note.,"Patients receiving long-term Amiodarone therapy must be monitored closely due to the high risk of pulmonary toxicity, which often presents as interstitial pneumonitis or pulmonary fibrosis.","The primary adverse effect mentioned is pulmonary toxicity, manifesting as interstitial pneumonitis or pulmonary fibrosis."
Why is consuming grapefruit juice contraindicated with Simvastatin?,,"Grapefruit juice inhibits the CYP3A4 enzyme in the liver and intestines. Since Simvastatin is metabolized by CYP3A4, this inhibition causes drug accumulation in the blood, increasing the risk of severe muscle damage (rhabdomyolysis)."
"Extract the recommended pediatric dosage from the label text.","For pediatric patients aged 6 to 12 years suffering from acute bronchospasm, the recommended dosage of inhaled Albuterol is 90 mcg (one puff) every 4 to 6 hours as needed.","The recommended dosage is 90 mcg (one puff) every 4 to 6 hours as needed."
Describe the role of monoclonal antibodies in targeted cancer therapy.,,"Monoclonal antibodies specifically bind to targeted antigens on the surface of cancer cells. This binding can mark the cell for immune system destruction, block growth signals, or deliver targeted radiation/toxins directly to the tumor."
What are the primary differences between Type 1 and Type 2 diabetes medications?,,"Type 1 diabetes treatments exclusively involve exogenous insulin replacement because the pancreas produces no insulin. Type 2 diabetes treatments primarily include oral hypoglycemics (like Metformin) or GLP-1 agonists that improve insulin sensitivity or stimulate endogenous insulin secretion, though insulin may be used in later stages."
"Summarize the pharmacokinetic properties of Ibuprofen.","Ibuprofen is rapidly absorbed from the gastrointestinal tract, reaching peak plasma concentrations in 1 to 2 hours. It is highly protein-bound (>99%) and undergoes extensive hepatic metabolism via CYP2C9. The elimination half-life is approximately 2 hours, with excretion occurring primarily via the kidneys as metabolites.","Ibuprofen has rapid GI absorption (peak 1-2 hours), high protein binding, and undergoes hepatic metabolism via CYP2C9. It has a short half-life of roughly 2 hours and is excreted renally."
What is the pharmacological class and primary use of Omeprazole?,,"Omeprazole is a Proton Pump Inhibitor (PPI) primarily used to treat gastroesophageal reflux disease (GERD), peptic ulcer disease, and Zollinger-Ellison syndrome by reducing gastric acid secretion."
Explain the concept of therapeutic index in pharmacology.,,"The therapeutic index (TI) is a quantitative measurement of the relative safety of a drug. It is a comparison of the amount of a therapeutic agent that causes the therapeutic effect to the amount that causes toxicity. A narrow TI means the drug requires close monitoring."